Container_ID,Risk_Score,Risk_Level,Explanation_Summary,Origin_Country,Declared_Value,Declared_Weight,Measured_Weight,Dwell_Time_Hours,HS_Code,Shipping_Line
CONT443912,100.0,Critical,"Risk indicators: measured weight is 261% higher than declared; unusually high value-per-kg ($2,451/kg); high-risk origin country.",SY,1666616.14,679.86,2457.09,167.13,8703,ONE
CONT256570,99.5,Critical,"Risk indicators: measured weight is 84% lower than declared; unusually high value-per-kg ($2,794/kg); high-risk origin country.",VE,1774756.48,635.31,100.0,0.66,2933,HAPAG
CONT594829,97.4,Critical,"Risk indicators: measured weight is 91% lower than declared; unusually high value-per-kg ($1,305/kg); high-risk origin country.",SY,1438237.1,1101.71,100.0,194.0,8542,MAERSK
CONT532941,96.5,Critical,"Risk indicators: measured weight is 147% higher than declared; unusually high value-per-kg ($2,442/kg); medium-risk origin country.",SD,1689199.75,691.82,1711.83,185.69,3004,MSC
CONT912744,95.0,Critical,Risk indicators: measured weight is 240% higher than declared; unusually high value-per-kg ($608/kg); high-risk origin country.,LY,709623.63,1167.91,3975.85,105.23,2933,COSCO
CONT895326,94.4,Critical,Risk indicators: measured weight is 38% lower than declared; unusually high value-per-kg ($802/kg); high-risk origin country.,IR,1933746.51,2410.07,1496.65,1.28,3004,HMM
CONT749837,94.1,Critical,Risk indicators: measured weight is 134% higher than declared; unusually high value-per-kg ($856/kg); medium-risk origin country.,SD,1893178.41,2210.6,5174.43,0.69,9013,PIL
CONT922827,93.0,Critical,Risk indicators: measured weight is 95% lower than declared; unusually high value-per-kg ($632/kg); high-risk origin country.,IR,1393974.91,2204.13,100.0,108.57,6110,COSCO
CONT461447,92.9,Critical,Risk indicators: measured weight is 26% higher than declared; medium-risk origin country; excessive dwell time (140 hrs).,AF,546449.47,9430.72,11900.2,140.39,2710,PIL
CONT317314,92.9,Critical,Risk indicators: measured weight is 97% lower than declared; medium-risk origin country; excessive dwell time (74 hrs).,AF,1861.97,3935.53,100.0,74.45,8471,ONE
CONT561261,92.7,Critical,Risk indicators: measured weight is 246% higher than declared; high-risk origin country; excessive dwell time (133 hrs).,MM,432084.44,1926.0,6659.38,132.68,9013,COSCO
CONT377948,92.7,Critical,Risk indicators: measured weight is 283% higher than declared; high-risk origin country; unusually short dwell time.,VE,1967.21,982.39,3767.3,0.76,2710,PIL
CONT365471,92.2,Critical,Risk indicators: measured weight is 32% higher than declared; high-risk origin country; excessive dwell time (197 hrs).,SY,1777538.15,13777.25,18241.63,196.95,2710,MAERSK
CONT758966,91.8,Critical,Risk indicators: measured weight is 97% lower than declared; high-risk origin country; excessive dwell time (109 hrs).,KP,1469074.54,3191.88,100.0,109.02,8542,ONE
CONT484546,91.8,Critical,Risk indicators: measured weight is 22% lower than declared; high-risk origin country; excessive dwell time (158 hrs).,VE,1073894.81,12530.59,9828.64,158.47,6110,CMA CGM
CONT428768,91.2,Critical,Risk indicators: measured weight is 35% higher than declared; high-risk origin country; excessive dwell time (200 hrs).,LY,1104.3,5701.38,7701.71,199.72,6110,YML
CONT475903,90.9,Critical,Risk indicators: measured weight is 97% lower than declared; medium-risk origin country; excessive dwell time (145 hrs).,IQ,339938.6,3363.01,100.0,145.17,6110,COSCO
CONT986997,90.8,Critical,Risk indicators: measured weight is 90% higher than declared; high-risk origin country; excessive dwell time (186 hrs).,KP,538395.72,2732.47,5202.48,185.77,8471,MSC
CONT259472,90.6,Critical,Risk indicators: measured weight is 28% lower than declared; high-risk origin country; excessive dwell time (113 hrs).,SY,424022.29,14264.58,10261.65,113.36,7108,HAPAG
CONT434248,90.1,Critical,Risk indicators: measured weight is 73% higher than declared; high-risk origin country; excessive dwell time (125 hrs).,LY,451348.57,3996.9,6916.03,125.43,8471,MSC
CONT435441,90.1,Critical,Risk indicators: measured weight is 61% higher than declared; medium-risk origin country; excessive dwell time (124 hrs).,SO,271915.22,6400.17,10286.09,123.73,8471,HAPAG
CONT771183,90.1,Critical,Risk indicators: measured weight is 62% lower than declared; medium-risk origin country; unusually short dwell time.,AF,1053.7,7865.26,2959.61,0.75,8471,HMM
CONT123525,90.1,Critical,Risk indicators: measured weight is 126% higher than declared; medium-risk origin country; unusually short dwell time.,SD,430.53,3907.95,8817.07,0.12,8471,YML
CONT201376,90.0,Critical,Risk indicators: measured weight is 17% higher than declared; medium-risk origin country; excessive dwell time (145 hrs).,PK,563.88,12652.67,14837.01,145.04,6110,MSC
CONT566389,89.8,Critical,Risk indicators: measured weight is 24% lower than declared; high-risk origin country; excessive dwell time (194 hrs).,SY,562.54,14997.81,11384.14,194.25,7108,MSC
CONT934325,89.8,Critical,Risk indicators: measured weight is 61% higher than declared; medium-risk origin country; excessive dwell time (171 hrs).,SD,499.96,5801.14,9334.11,171.43,3004,EVERGREEN
CONT327369,89.8,Critical,Risk indicators: measured weight is 65% higher than declared; medium-risk origin country; unusually short dwell time.,IQ,736268.75,7347.28,12098.47,1.21,2933,COSCO
CONT768640,89.8,Critical,Risk indicators: measured weight is 40% higher than declared; high-risk origin country; excessive dwell time (157 hrs).,KP,300.0,11803.21,16541.38,156.73,8703,CMA CGM
CONT428947,89.6,Critical,Risk indicators: high-risk origin country; excessive dwell time (119 hrs); declared during off-hours.,LY,859.74,8108.97,8712.75,118.89,2710,ONE
CONT765627,89.5,Critical,Risk indicators: measured weight is 96% lower than declared; high-risk origin country; unusually short dwell time.,IR,1072187.14,2430.2,100.0,1.31,2933,PIL
CONT194154,89.4,Critical,Risk indicators: measured weight is 79% lower than declared; high-risk origin country; unusually short dwell time.,IR,1597959.11,3681.15,771.79,0.7,2933,COSCO
CONT601793,89.2,Critical,Risk indicators: high-risk origin country; excessive dwell time (94 hrs); declared during off-hours.,LY,786.04,13706.64,12535.02,93.93,8703,COSCO
CONT721827,89.2,Critical,Risk indicators: high-risk origin country; excessive dwell time (82 hrs); declared during off-hours.,SY,1420566.93,7526.72,8286.74,81.55,9013,COSCO
CONT170119,89.2,Critical,Risk indicators: measured weight is 95% lower than declared; high-risk origin country; unusually short dwell time.,VE,1642.36,2152.37,100.0,0.32,8542,COSCO
CONT211086,89.0,Critical,Risk indicators: measured weight is 37% lower than declared; high-risk origin country; excessive dwell time (196 hrs).,KP,1893033.03,12526.18,7940.63,195.78,3004,HAPAG
CONT416689,89.0,Critical,Risk indicators: measured weight is 163% higher than declared; high-risk origin country; unusually short dwell time.,KP,1870.29,1589.28,4183.97,0.25,8517,PIL
CONT957759,89.0,Critical,Risk indicators: measured weight is 56% higher than declared; medium-risk origin country; excessive dwell time (106 hrs).,NG,1413.1,6382.86,9966.27,106.31,8703,MSC
CONT796595,88.9,Critical,Risk indicators: measured weight is 92% lower than declared; high-risk origin country; unusually short dwell time.,LY,198223.99,1327.76,100.0,0.73,9013,MSC
CONT572930,88.8,Critical,Risk indicators: measured weight is 79% higher than declared; high-risk origin country; unusually short dwell time.,LY,255.34,5162.95,9260.3,0.32,9013,YML
CONT935488,88.7,Critical,Risk indicators: measured weight is 46% higher than declared; medium-risk origin country; unusually short dwell time.,SD,145.81,4564.85,6646.79,0.18,8542,YML
CONT863529,88.7,Critical,Risk indicators: measured weight is 22% higher than declared; medium-risk origin country; unusually short dwell time.,IQ,1868918.94,8316.87,10122.0,1.17,3004,CMA CGM
CONT829497,88.7,Critical,Risk indicators: measured weight is 44% higher than declared; high-risk origin country; excessive dwell time (82 hrs).,MM,1288078.85,10781.38,15544.45,82.25,8542,ONE
CONT599722,88.6,Critical,Risk indicators: high-risk origin country; unusually short dwell time; declared during off-hours.,KP,844097.27,14821.97,13829.37,1.43,8517,YML
CONT240302,88.6,Critical,Risk indicators: measured weight is 29% higher than declared; medium-risk origin country; unusually short dwell time.,IQ,737657.56,13179.05,17001.38,0.74,2933,MAERSK
CONT782265,88.4,Critical,Risk indicators: measured weight is 182% higher than declared; high-risk origin country; unusually short dwell time.,YE,911.5,2038.82,5756.88,0.52,7108,ONE
CONT184577,88.4,Critical,Risk indicators: measured weight is 44% higher than declared; high-risk origin country; excessive dwell time (142 hrs).,VE,1338611.64,8990.67,12962.48,141.68,7108,MAERSK
CONT752694,88.2,Critical,Risk indicators: measured weight is 42% lower than declared; medium-risk origin country; excessive dwell time (96 hrs).,SD,1399.2,6851.64,3979.91,95.88,8703,HAPAG
CONT430814,88.2,Critical,Risk indicators: measured weight is 27% higher than declared; high-risk origin country; excessive dwell time (101 hrs).,YE,682.0,12851.7,16380.05,100.96,8542,MAERSK
CONT196044,88.1,Critical,Risk indicators: measured weight is 146% higher than declared; high-risk origin country; unusually short dwell time.,LY,1821.88,1146.63,2824.3,1.46,7108,HMM
CONT548096,88.1,Critical,Risk indicators: measured weight is 18% higher than declared; medium-risk origin country; excessive dwell time (145 hrs).,PK,1374.45,14605.51,17172.38,145.31,8703,EVERGREEN
CONT865359,88.1,Critical,Risk indicators: measured weight is 51% higher than declared; high-risk origin country; excessive dwell time (199 hrs).,KP,889341.7,5301.62,8005.02,198.53,6110,MSC
CONT354371,87.9,Critical,Risk indicators: measured weight is 20% lower than declared; high-risk origin country; unusually short dwell time.,MM,1219507.77,9860.8,7874.03,0.21,8703,MSC
CONT806528,87.9,Critical,Risk indicators: measured weight is 74% higher than declared; high-risk origin country; unusually short dwell time.,YE,1148.93,5862.29,10227.6,1.29,3004,HMM
CONT860691,87.7,Critical,Risk indicators: measured weight is 25% lower than declared; medium-risk origin country; excessive dwell time (168 hrs).,NG,1282375.66,4171.38,3133.86,168.44,8542,YML
CONT186988,87.7,Critical,Risk indicators: high-risk origin country; excessive dwell time (78 hrs); declared during off-hours.,LY,808.11,14008.05,13116.61,78.24,9013,CMA CGM
CONT104138,87.7,Critical,Risk indicators: measured weight is 66% lower than declared; high-risk origin country; unusually short dwell time.,KP,260172.5,6786.95,2281.69,0.46,8517,COSCO
CONT631598,87.6,Critical,Risk indicators: measured weight is 96% lower than declared; high-risk origin country; excessive dwell time (112 hrs).,YE,1181.74,2366.94,100.0,111.68,8471,MSC
CONT869727,87.4,Critical,Risk indicators: measured weight is 19% lower than declared; high-risk origin country; excessive dwell time (161 hrs).,VE,1046.69,9190.85,7476.66,161.01,7108,ONE
CONT666956,87.2,Critical,Risk indicators: measured weight is 31% lower than declared; medium-risk origin country; excessive dwell time (126 hrs).,SD,1177.89,12096.83,8406.12,126.34,3004,HAPAG
CONT272857,87.1,Critical,Risk indicators: measured weight is 41% higher than declared; high-risk origin country; unusually short dwell time.,KP,1504273.7,6181.26,8716.17,0.81,3004,PIL
CONT573918,87.0,Critical,Risk indicators: measured weight is 56% lower than declared; high-risk origin country; unusually short dwell time.,SY,1301.34,6030.9,2643.09,1.19,2933,PIL
CONT637977,86.7,Critical,Risk indicators: measured weight is 24% lower than declared; high-risk origin country; unusually short dwell time.,MM,1872.56,11820.61,9030.6,0.32,8471,HMM
CONT218012,86.7,Critical,Risk indicators: measured weight is 30% higher than declared; high-risk origin country; unusually short dwell time.,VE,784655.68,5623.61,7320.33,1.08,6110,YML
CONT288487,86.6,Critical,Risk indicators: measured weight is 73% higher than declared; high-risk origin country; unusually short dwell time.,MM,1532.09,6853.59,11837.38,0.43,8471,CMA CGM
CONT723982,86.6,Critical,Risk indicators: measured weight is 30% lower than declared; medium-risk origin country; excessive dwell time (155 hrs).,PK,1479611.39,11074.99,7730.91,154.59,9013,HMM
CONT680780,86.4,Critical,Risk indicators: measured weight is 33% higher than declared; high-risk origin country; unusually short dwell time.,LY,1310.68,13989.62,18547.55,0.64,8471,YML
CONT587707,86.3,Critical,Risk indicators: measured weight is 18% higher than declared; high-risk origin country; excessive dwell time (80 hrs).,MM,1914543.55,13851.18,16364.93,80.31,9013,COSCO
CONT499111,86.3,Critical,Risk indicators: measured weight is 31% lower than declared; high-risk origin country; excessive dwell time (104 hrs).,YE,1179786.35,11290.47,7831.21,104.06,8517,MAERSK
CONT186803,86.3,Critical,Risk indicators: measured weight is 36% lower than declared; high-risk origin country; excessive dwell time (88 hrs).,IR,1009.2,10670.06,6866.38,88.18,8471,MSC
CONT803023,86.2,Critical,Risk indicators: medium-risk origin country; unusually short dwell time; declared during off-hours.,AF,589.21,9825.01,10830.8,1.36,2933,HAPAG
CONT827955,86.2,Critical,Risk indicators: measured weight is 19% higher than declared; high-risk origin country; unusually short dwell time.,LY,1304610.84,8617.74,10286.86,0.28,8517,HAPAG
CONT492573,86.1,Critical,Risk indicators: measured weight is 70% lower than declared; high-risk origin country; unusually short dwell time.,SY,1509603.02,4996.23,1512.51,0.95,7108,EVERGREEN
CONT840045,86.0,Critical,Risk indicators: measured weight is 60% lower than declared; high-risk origin country; excessive dwell time (117 hrs).,VE,1239.23,6219.95,2488.2,116.55,3004,HAPAG
CONT625128,86.0,Critical,Risk indicators: high-risk origin country; unusually short dwell time; declared during off-hours.,YE,1119.5,10966.11,10354.97,1.13,3004,EVERGREEN
CONT351839,85.9,Critical,Risk indicators: measured weight is 27% lower than declared; high-risk origin country; unusually short dwell time.,LY,145.5,6524.95,4739.64,0.25,9013,COSCO
CONT790091,85.9,Critical,Risk indicators: measured weight is 45% higher than declared; high-risk origin country; unusually short dwell time.,IR,1347.95,8178.24,11889.67,0.93,3004,ONE
CONT178113,85.8,Critical,Risk indicators: measured weight is 65% lower than declared; medium-risk origin country; unusually short dwell time.,IQ,438.83,6748.65,2356.17,0.92,8517,ONE
CONT993659,85.8,Critical,Risk indicators: measured weight is 84% lower than declared; high-risk origin country; unusually short dwell time.,MM,161.64,3780.99,604.18,1.31,3004,YML
CONT415261,85.7,Critical,Risk indicators: measured weight is 22% higher than declared; high-risk origin country; unusually short dwell time.,VE,1449.21,12020.48,14672.64,0.51,8703,EVERGREEN
CONT610259,85.6,Critical,Risk indicators: measured weight is 97% lower than declared; high-risk origin country; unusually short dwell time.,MM,1295667.73,3620.43,100.0,1.44,6110,MSC
CONT377707,85.6,Critical,Risk indicators: measured weight is 21% higher than declared; high-risk origin country; excessive dwell time (93 hrs).,MM,1216.98,5386.55,6542.45,93.38,8471,HAPAG
CONT262002,85.6,Critical,Risk indicators: high-risk origin country; unusually short dwell time; declared during off-hours.,KP,498.53,8616.46,7984.32,1.12,2933,HMM
CONT147111,85.5,Critical,Risk indicators: high-risk origin country; unusually short dwell time; declared during off-hours.,KP,1979920.35,10534.16,9051.99,0.91,8471,HAPAG
CONT726701,85.5,Critical,Risk indicators: measured weight is 20% lower than declared; medium-risk origin country; excessive dwell time (79 hrs).,IQ,421.41,14359.73,11459.77,79.39,8542,MSC
CONT389385,85.4,Critical,Risk indicators: high-risk origin country; unusually short dwell time; declared during off-hours.,LY,302.04,7836.01,8610.98,0.6,8703,HAPAG
CONT217729,85.2,Critical,Risk indicators: measured weight is 33% higher than declared; high-risk origin country; unusually short dwell time.,MM,124254.31,10633.09,14136.46,0.23,9013,ONE
CONT717508,85.1,Critical,Risk indicators: measured weight is 62% higher than declared; high-risk origin country; unusually short dwell time.,LY,255683.03,4379.14,7097.78,0.92,2710,COSCO
CONT551069,84.9,Critical,Risk indicators: measured weight is 44% lower than declared; high-risk origin country; unusually short dwell time.,MM,1252.91,9067.56,5079.69,0.37,6110,YML
CONT439205,84.9,Critical,Risk indicators: medium-risk origin country; excessive dwell time (77 hrs); declared during off-hours.,SD,309327.03,11409.93,10055.6,76.91,6110,YML
CONT838471,84.8,Critical,Risk indicators: measured weight is 20% higher than declared; high-risk origin country; unusually short dwell time.,SY,1198883.55,12251.79,14641.84,0.2,3004,CMA CGM
CONT523327,84.8,Critical,Risk indicators: measured weight is 59% lower than declared; medium-risk origin country; unusually short dwell time.,SD,1232.67,6022.91,2476.99,0.49,8703,MAERSK
CONT749868,84.7,Critical,Risk indicators: measured weight is 104% higher than declared; high-risk origin country; unusually short dwell time.,VE,1024.97,4064.37,8307.13,0.98,8542,HMM
CONT761334,84.4,Critical,Risk indicators: measured weight is 17% lower than declared; high-risk origin country; unusually short dwell time.,IR,877.26,14264.46,11811.23,0.6,2933,MSC
CONT241900,84.3,Critical,Risk indicators: measured weight is 35% higher than declared; high-risk origin country; unusually short dwell time.,SY,752.22,8436.21,11395.04,0.82,3004,ONE
CONT991317,84.3,Critical,Risk indicators: measured weight is 17% lower than declared; medium-risk origin country; unusually short dwell time.,IQ,756691.37,6220.99,5134.56,0.16,8703,EVERGREEN
CONT236984,84.3,Critical,Risk indicators: measured weight is 73% higher than declared; medium-risk origin country; unusually short dwell time.,PK,1740.52,4622.18,7984.78,0.47,8517,COSCO
CONT381941,84.2,Critical,Risk indicators: measured weight is 51% higher than declared; high-risk origin country; unusually short dwell time.,LY,296674.6,7882.14,11899.5,1.41,2933,HMM
CONT830351,83.8,Critical,Risk indicators: measured weight is 36% higher than declared; medium-risk origin country; unusually short dwell time.,NG,1056.04,2259.89,3076.72,1.38,3004,MSC
CONT863760,83.8,Critical,Risk indicators: measured weight is 35% higher than declared; medium-risk origin country; unusually short dwell time.,IQ,310.88,9936.14,13454.44,0.63,9013,HAPAG
CONT492720,83.6,Critical,Risk indicators: measured weight is 16% lower than declared; medium-risk origin country; unusually short dwell time.,SD,1186.89,12736.91,10712.03,0.66,2710,ONE
CONT941965,83.5,Critical,Risk indicators: measured weight is 36% lower than declared; medium-risk origin country; unusually short dwell time.,IQ,1770.61,9864.26,6342.71,1.39,8703,HMM
CONT786296,83.4,Critical,Risk indicators: measured weight is 27% lower than declared; medium-risk origin country; unusually short dwell time.,PK,254.8,10762.42,7806.55,1.04,7108,YML
CONT731347,83.4,Critical,Risk indicators: medium-risk origin country; unusually short dwell time; declared during off-hours.,PK,586529.81,11531.38,13093.32,0.7,6110,COSCO
CONT860330,83.3,Critical,Risk indicators: measured weight is 25% higher than declared; high-risk origin country; unusually short dwell time.,IR,999.53,12710.55,15898.46,0.92,8542,HMM
CONT794119,82.9,Critical,Risk indicators: medium-risk origin country; excessive dwell time (98 hrs); declared during off-hours.,SD,1330.77,13297.12,12736.96,98.04,7108,MSC
CONT621863,82.6,Critical,Risk indicators: measured weight is 25% lower than declared; medium-risk origin country; unusually short dwell time.,NG,822141.57,13521.44,10075.32,0.59,7108,HMM
CONT560337,82.4,Critical,Risk indicators: measured weight is 15% higher than declared; medium-risk origin country; unusually short dwell time.,SO,538.7,14501.66,16736.04,0.72,8517,HAPAG
CONT865348,82.2,Critical,Risk indicators: medium-risk origin country; unusually short dwell time; declared during off-hours.,IQ,695.36,12487.36,10770.59,1.37,8542,PIL
CONT585443,81.1,Critical,Risk indicators: measured weight is 18% lower than declared; medium-risk origin country; unusually short dwell time.,SD,1611.6,5367.39,4396.42,0.69,6110,HMM
CONT764471,13.3,Low,All shipment parameters within normal ranges. Standard clearance applicable.,CA,184504.5,1697.55,1591.73,4.53,9013,HAPAG
CONT233767,12.7,Low,"Minor flags noted (weekend submission), but overall low risk profile.",NL,161428.41,6337.76,6122.8,7.28,2710,CMA CGM
CONT749714,11.8,Low,"Minor flags noted (medium-risk origin country; weekend submission), but overall low risk profile.",AF,95079.65,16240.48,15054.65,47.63,8542,HAPAG
CONT420974,11.4,Low,"Minor flags noted (medium-risk origin country; weekend submission), but overall low risk profile.",AF,122699.23,4234.92,4124.27,26.16,6110,EVERGREEN
CONT676775,10.9,Low,"Minor flags noted (weekend submission), but overall low risk profile.",DE,98812.15,11154.66,10615.24,25.87,2710,CMA CGM
CONT320972,10.8,Low,"Minor flags noted (medium-risk origin country; weekend submission), but overall low risk profile.",AF,7282.79,2262.43,2184.8,22.57,8471,ONE
CONT477721,10.4,Low,"Minor flags noted (weekend submission), but overall low risk profile.",FR,85209.41,17934.96,17399.45,10.39,2933,COSCO
CONT389910,10.1,Low,All shipment parameters within normal ranges. Standard clearance applicable.,CA,5627.56,14216.74,13744.9,31.26,2710,ONE
CONT414063,10.1,Low,All shipment parameters within normal ranges. Standard clearance applicable.,SG,177275.63,2186.69,2169.0,23.73,8703,CMA CGM
CONT841804,10.1,Low,"Minor flags noted (weekend submission), but overall low risk profile.",US,88223.84,6692.32,6517.48,39.19,9013,MAERSK
CONT456918,9.8,Low,"Minor flags noted (weekend submission), but overall low risk profile.",JP,153624.04,11810.15,11218.51,39.72,9013,EVERGREEN
CONT744795,9.7,Low,All shipment parameters within normal ranges. Standard clearance applicable.,JP,179666.64,1259.57,1254.81,5.27,2710,EVERGREEN
CONT837954,9.5,Low,"Minor flags noted (medium-risk origin country; weekend submission), but overall low risk profile.",PK,182658.4,2897.47,2803.39,40.88,8471,YML
CONT568298,9.5,Low,"Minor flags noted (medium-risk origin country; weekend submission), but overall low risk profile.",SO,11437.33,6698.83,6689.21,45.97,8542,CMA CGM
CONT570951,9.4,Low,"Minor flags noted (medium-risk origin country), but overall low risk profile.",AF,102196.23,12278.26,12666.99,7.82,8542,PIL
CONT588019,9.2,Low,"Minor flags noted (weekend submission), but overall low risk profile.",CA,185476.83,3734.9,3602.02,7.01,6110,PIL
CONT511324,9.1,Low,"Minor flags noted (medium-risk origin country; weekend submission), but overall low risk profile.",NG,51438.6,1761.12,1711.64,43.97,8517,MAERSK
CONT600328,9.1,Low,"Minor flags noted (weekend submission), but overall low risk profile.",US,67200.25,19262.62,18981.52,41.17,6110,YML
CONT866759,9.1,Low,All shipment parameters within normal ranges. Standard clearance applicable.,US,58804.93,13968.12,13247.18,37.82,9013,EVERGREEN
CONT217796,9.1,Low,"Minor flags noted (weekend submission), but overall low risk profile.",CH,105744.0,19661.2,20307.97,15.48,3004,CMA CGM
CONT846716,8.9,Low,"Minor flags noted (weekend submission), but overall low risk profile.",NL,10188.63,7642.67,7286.94,36.35,8542,MSC
CONT564374,8.8,Low,"Minor flags noted (medium-risk origin country; weekend submission), but overall low risk profile.",NG,123126.09,19743.79,20130.95,14.44,9013,YML
CONT319707,8.8,Low,"Minor flags noted (weekend submission), but overall low risk profile.",AU,151717.59,13072.87,12575.06,27.38,3004,YML
CONT236262,8.7,Low,"Minor flags noted (weekend submission), but overall low risk profile.",US,199951.55,17761.91,18603.68,35.9,2933,HMM
CONT317215,8.7,Low,"Minor flags noted (weekend submission), but overall low risk profile.",GB,157052.96,19516.4,20549.61,9.03,8517,HMM
CONT975952,8.7,Low,"Minor flags noted (weekend submission), but overall low risk profile.",NL,32397.31,2017.95,1872.35,31.39,8471,EVERGREEN
CONT577294,8.6,Low,All shipment parameters within normal ranges. Standard clearance applicable.,CA,157167.83,2757.51,2851.97,33.64,2710,YML
CONT945308,8.6,Low,"Minor flags noted (medium-risk origin country; weekend submission), but overall low risk profile.",NG,5312.23,11525.43,11531.02,16.46,3004,HAPAG
CONT382152,8.3,Low,"Minor flags noted (medium-risk origin country), but overall low risk profile.",AF,144905.67,2019.06,2066.03,24.92,8542,COSCO
CONT466047,8.2,Low,All shipment parameters within normal ranges. Standard clearance applicable.,CA,177069.79,1190.2,1164.83,29.15,8471,MSC
CONT486354,8.2,Low,All shipment parameters within normal ranges. Standard clearance applicable.,GB,110449.3,1134.83,1118.41,33.8,8517,ONE
CONT653663,8.2,Low,"Minor flags noted (medium-risk origin country; weekend submission), but overall low risk profile.",SD,40658.87,2783.59,2742.99,45.12,3004,PIL
CONT705058,8.2,Low,"Minor flags noted (medium-risk origin country; weekend submission), but overall low risk profile.",IQ,183332.6,4339.89,4283.1,8.97,6110,YML
CONT537651,8.2,Low,"Minor flags noted (weekend submission), but overall low risk profile.",US,142502.13,13082.87,12609.53,24.03,3004,YML
CONT956912,8.2,Low,"Minor flags noted (weekend submission), but overall low risk profile.",US,59129.5,15829.42,15043.56,13.68,8471,HAPAG
CONT573146,8.1,Low,"Minor flags noted (weekend submission), but overall low risk profile.",GB,114016.56,19946.46,20542.98,18.13,7108,MSC
CONT494070,8.1,Low,"Minor flags noted (medium-risk origin country; weekend submission), but overall low risk profile.",PK,60543.9,5783.86,5450.93,5.62,8471,PIL
CONT384186,8.1,Low,"Minor flags noted (medium-risk origin country; weekend submission), but overall low risk profile.",IQ,140268.03,16101.38,16283.59,13.71,9013,EVERGREEN
CONT195761,8.0,Low,"Minor flags noted (medium-risk origin country; weekend submission), but overall low risk profile.",SD,20636.42,15347.54,15901.19,24.98,3004,PIL
CONT523350,8.0,Low,"Minor flags noted (medium-risk origin country), but overall low risk profile.",SO,100127.69,3737.5,3577.56,7.62,9013,HAPAG
CONT956626,8.0,Low,"Minor flags noted (weekend submission), but overall low risk profile.",DE,137340.64,13702.88,14071.56,19.92,2933,COSCO
CONT551598,8.0,Low,All shipment parameters within normal ranges. Standard clearance applicable.,CH,57045.36,18751.13,17708.41,44.9,3004,MAERSK
CONT151272,7.9,Low,"Minor flags noted (weekend submission), but overall low risk profile.",CH,43114.31,11156.63,11518.85,11.31,7108,COSCO
CONT965847,7.8,Low,"Minor flags noted (weekend submission), but overall low risk profile.",NL,56730.59,18372.47,18841.84,43.77,6110,HAPAG
CONT771766,7.8,Low,All shipment parameters within normal ranges. Standard clearance applicable.,AU,27765.84,7954.54,7979.66,9.68,2933,HAPAG
CONT866843,7.8,Low,All shipment parameters within normal ranges. Standard clearance applicable.,AU,115383.97,1118.89,1120.83,37.06,8471,COSCO
CONT505257,7.7,Low,"Minor flags noted (weekend submission), but overall low risk profile.",GB,129678.09,3629.55,3663.07,18.87,8703,COSCO
CONT100126,7.7,Low,All shipment parameters within normal ranges. Standard clearance applicable.,NL,24931.47,5864.3,5977.48,44.43,8542,CMA CGM
CONT153053,7.7,Low,"Minor flags noted (weekend submission), but overall low risk profile.",NL,20043.31,1300.45,1280.91,44.09,8517,PIL
CONT786840,7.7,Low,All shipment parameters within normal ranges. Standard clearance applicable.,AU,54508.27,19599.7,20318.34,12.63,2710,YML
CONT265838,7.7,Low,"Minor flags noted (weekend submission), but overall low risk profile.",AU,109147.44,4128.46,4169.18,25.33,9013,MAERSK
CONT851883,7.7,Low,"Minor flags noted (weekend submission), but overall low risk profile.",AU,32303.62,3025.0,3193.24,15.6,6110,EVERGREEN
CONT147645,7.7,Low,"Minor flags noted (weekend submission), but overall low risk profile.",DE,88167.45,6821.89,7256.74,31.08,9013,COSCO
CONT711213,7.6,Low,"Minor flags noted (medium-risk origin country; weekend submission), but overall low risk profile.",SD,162335.78,12460.75,11647.94,46.36,8517,ONE
CONT441396,7.6,Low,"Minor flags noted (medium-risk origin country), but overall low risk profile.",AF,12969.38,4653.49,4462.01,11.43,6110,PIL
CONT415018,7.6,Low,All shipment parameters within normal ranges. Standard clearance applicable.,AU,143317.56,11345.44,10894.29,11.36,2933,COSCO
CONT526674,7.6,Low,"Minor flags noted (weekend submission), but overall low risk profile.",GB,125272.8,18721.5,17934.96,36.69,8703,ONE
CONT385977,7.6,Low,"Minor flags noted (weekend submission), but overall low risk profile.",FR,78410.36,1500.97,1457.42,39.66,8703,MAERSK
CONT239999,7.5,Low,All shipment parameters within normal ranges. Standard clearance applicable.,US,82253.67,7962.77,8664.55,34.6,8703,PIL
CONT800251,7.5,Low,"Minor flags noted (medium-risk origin country; weekend submission), but overall low risk profile.",IQ,110748.5,10505.8,10471.54,10.52,7108,EVERGREEN
CONT285784,7.4,Low,"Minor flags noted (weekend submission), but overall low risk profile.",CA,155703.82,3343.05,3173.71,39.34,3004,ONE
CONT410929,7.4,Low,All shipment parameters within normal ranges. Standard clearance applicable.,NL,27713.18,2873.29,2826.55,15.19,2710,COSCO
CONT924255,7.3,Low,"Minor flags noted (medium-risk origin country), but overall low risk profile.",AF,26827.51,15236.39,15668.11,19.66,6110,YML
CONT444950,7.3,Low,"Minor flags noted (medium-risk origin country; weekend submission), but overall low risk profile.",IQ,106087.93,3574.82,3507.09,8.95,2710,ONE
CONT893070,7.3,Low,"Minor flags noted (medium-risk origin country), but overall low risk profile.",SO,168266.29,18151.4,18234.41,9.6,6110,ONE
CONT652452,7.3,Low,"Minor flags noted (weekend submission), but overall low risk profile.",AU,159151.5,3111.61,3192.11,10.21,6110,MSC
CONT479862,7.3,Low,All shipment parameters within normal ranges. Standard clearance applicable.,CA,28948.1,18303.04,19162.2,14.38,8703,YML
CONT944614,7.2,Low,All shipment parameters within normal ranges. Standard clearance applicable.,CH,154302.21,2566.23,2619.31,7.07,9013,ONE
CONT416480,7.2,Low,"Minor flags noted (weekend submission), but overall low risk profile.",DE,195045.4,15004.83,15093.66,6.3,2710,MAERSK
CONT580675,7.2,Low,"Minor flags noted (weekend submission), but overall low risk profile.",JP,17577.65,12434.7,12277.35,46.79,9013,EVERGREEN
CONT634633,7.1,Low,"Minor flags noted (weekend submission), but overall low risk profile.",DE,88954.49,4188.48,4228.9,9.24,7108,MSC
CONT723765,7.1,Low,"Minor flags noted (weekend submission), but overall low risk profile.",SG,177446.97,12082.84,11801.05,10.68,2933,MSC
CONT819282,7.1,Low,"Minor flags noted (weekend submission), but overall low risk profile.",JP,118681.96,4139.6,3915.36,47.99,8517,CMA CGM
CONT609668,7.0,Low,"Minor flags noted (weekend submission), but overall low risk profile.",GB,102593.08,15594.44,16390.93,23.09,8703,CMA CGM
CONT505105,7.0,Low,"Minor flags noted (medium-risk origin country; weekend submission), but overall low risk profile.",PK,174925.74,6510.87,6423.21,33.6,2710,YML
CONT629882,7.0,Low,"Minor flags noted (weekend submission), but overall low risk profile.",US,66471.69,8651.37,8964.37,9.86,7108,ONE
CONT697202,7.0,Low,"Minor flags noted (medium-risk origin country; weekend submission), but overall low risk profile.",PK,181467.57,6242.64,6137.85,39.99,9013,COSCO
CONT517978,6.9,Low,"Minor flags noted (medium-risk origin country), but overall low risk profile.",SO,18308.69,7723.56,7757.67,40.83,2710,YML
CONT390951,6.9,Low,"Minor flags noted (medium-risk origin country; weekend submission), but overall low risk profile.",SD,47917.29,3969.39,3748.17,26.8,2933,YML
CONT227795,6.9,Low,All shipment parameters within normal ranges. Standard clearance applicable.,US,182581.93,2229.05,2194.42,24.44,9013,CMA CGM
CONT549871,6.9,Low,"Minor flags noted (weekend submission), but overall low risk profile.",GB,127603.13,13970.75,14495.65,15.71,2710,MAERSK
CONT451279,6.8,Low,"Minor flags noted (weekend submission), but overall low risk profile.",CH,27594.47,7810.85,7842.35,41.98,6110,CMA CGM
CONT898009,6.8,Low,"Minor flags noted (medium-risk origin country; weekend submission), but overall low risk profile.",PK,88083.84,13007.78,13048.35,28.11,6110,ONE
CONT123284,6.8,Low,"Minor flags noted (medium-risk origin country; weekend submission), but overall low risk profile.",AF,119232.98,14304.79,14552.3,29.81,8542,COSCO
CONT825947,6.8,Low,"Minor flags noted (medium-risk origin country), but overall low risk profile.",AF,49198.0,2508.97,2465.19,19.62,6110,MSC
CONT838925,6.8,Low,"Minor flags noted (weekend submission), but overall low risk profile.",JP,16041.98,16596.13,16427.51,9.3,8542,YML
CONT432548,6.7,Low,"Minor flags noted (weekend submission), but overall low risk profile.",CA,45987.43,13679.31,13818.15,18.23,2933,CMA CGM
CONT636119,6.7,Low,"Minor flags noted (weekend submission), but overall low risk profile.",JP,75863.77,3540.22,3557.96,45.28,6110,PIL
CONT508456,6.7,Low,"Minor flags noted (medium-risk origin country), but overall low risk profile.",SO,163329.52,7247.63,7509.21,45.61,9013,COSCO
CONT937742,6.6,Low,"Minor flags noted (medium-risk origin country; weekend submission), but overall low risk profile.",NG,81439.62,13565.65,14044.53,20.22,7108,ONE
CONT486821,6.6,Low,All shipment parameters within normal ranges. Standard clearance applicable.,NL,146425.24,9333.69,9200.92,25.41,2710,CMA CGM
CONT919973,6.6,Low,"Minor flags noted (medium-risk origin country; weekend submission), but overall low risk profile.",AF,118623.8,14441.1,14686.41,9.46,2933,MSC
CONT577177,6.6,Low,"Minor flags noted (weekend submission), but overall low risk profile.",CA,11826.54,17336.65,17444.2,38.64,8517,MSC
CONT790504,6.5,Low,"Minor flags noted (weekend submission), but overall low risk profile.",CA,105358.23,2569.74,2584.06,43.55,7108,MSC
CONT928294,6.5,Low,"Minor flags noted (medium-risk origin country), but overall low risk profile.",NG,173787.54,10714.23,11587.21,47.15,2933,MAERSK
CONT618271,6.5,Low,All shipment parameters within normal ranges. Standard clearance applicable.,AU,30793.86,5142.44,4988.06,43.63,7108,EVERGREEN
CONT914422,6.4,Low,All shipment parameters within normal ranges. Standard clearance applicable.,US,5026.27,7034.15,6815.93,26.49,9013,EVERGREEN
CONT514170,6.4,Low,All shipment parameters within normal ranges. Standard clearance applicable.,GB,41296.5,10453.26,10581.53,18.59,2710,YML
CONT184363,6.4,Low,"Minor flags noted (medium-risk origin country; weekend submission), but overall low risk profile.",AF,154417.87,8774.47,9095.69,17.38,7108,YML
CONT516512,6.4,Low,All shipment parameters within normal ranges. Standard clearance applicable.,CA,7929.4,12464.68,12304.19,17.76,8471,PIL
CONT883301,6.4,Low,"Minor flags noted (medium-risk origin country), but overall low risk profile.",AF,145948.79,17342.65,16636.85,6.98,8471,PIL
CONT797974,6.4,Low,"Minor flags noted (weekend submission), but overall low risk profile.",CA,53242.95,9856.21,9766.55,42.12,8703,ONE
CONT961148,6.4,Low,"Minor flags noted (medium-risk origin country), but overall low risk profile.",NG,179865.58,1437.89,1391.19,13.27,8471,MAERSK
CONT724771,6.3,Low,"Minor flags noted (medium-risk origin country; weekend submission), but overall low risk profile.",PK,34033.17,15168.94,14509.16,17.45,7108,CMA CGM
CONT278376,6.3,Low,"Minor flags noted (weekend submission), but overall low risk profile.",US,110269.34,6128.31,6087.4,11.13,6110,MAERSK
CONT493369,6.3,Low,"Minor flags noted (medium-risk origin country; weekend submission), but overall low risk profile.",PK,49260.82,1942.51,1928.51,36.73,8471,EVERGREEN
CONT750024,6.3,Low,"Minor flags noted (weekend submission), but overall low risk profile.",FR,181263.1,14414.36,14203.87,44.01,2933,YML
CONT125901,6.2,Low,All shipment parameters within normal ranges. Standard clearance applicable.,US,27800.09,16627.4,16599.2,34.01,9013,ONE
CONT864489,6.2,Low,"Minor flags noted (weekend submission), but overall low risk profile.",SG,33954.22,9433.26,9583.67,28.39,9013,CMA CGM
CONT213632,6.2,Low,"Minor flags noted (medium-risk origin country), but overall low risk profile.",AF,172778.9,16939.74,18897.66,15.01,6110,HAPAG
CONT194914,6.2,Low,"Minor flags noted (medium-risk origin country; weekend submission), but overall low risk profile.",SO,179070.98,4447.27,4224.49,39.97,7108,HMM
CONT120039,6.2,Low,"Minor flags noted (medium-risk origin country; weekend submission), but overall low risk profile.",SD,71151.93,4473.45,4456.85,6.75,7108,MAERSK
CONT998035,6.2,Low,"Minor flags noted (medium-risk origin country), but overall low risk profile.",NG,6115.12,18737.85,19076.52,24.5,2710,HAPAG
CONT332076,6.2,Low,"Minor flags noted (weekend submission), but overall low risk profile.",AU,90646.07,16920.26,17133.5,30.86,7108,MAERSK
CONT853298,6.2,Low,"Minor flags noted (medium-risk origin country), but overall low risk profile.",SD,27325.09,1971.57,2066.93,20.89,9013,PIL
CONT889012,6.1,Low,"Minor flags noted (weekend submission), but overall low risk profile.",JP,39264.47,19442.69,19841.75,30.27,8517,MAERSK
CONT345404,6.1,Low,"Minor flags noted (medium-risk origin country; weekend submission), but overall low risk profile.",PK,32805.86,9180.06,9209.95,43.16,2710,EVERGREEN
CONT750443,6.1,Low,All shipment parameters within normal ranges. Standard clearance applicable.,FR,113321.61,19600.19,18847.47,12.35,2710,MSC
CONT611937,6.1,Low,All shipment parameters within normal ranges. Standard clearance applicable.,SG,150783.83,8161.94,7703.87,26.12,9013,HAPAG
CONT190925,6.0,Low,All shipment parameters within normal ranges. Standard clearance applicable.,SG,74938.97,14615.52,15025.06,15.78,8703,CMA CGM
CONT281196,6.0,Low,"Minor flags noted (medium-risk origin country), but overall low risk profile.",SO,48536.36,7309.89,7582.7,32.24,2710,YML
CONT490479,6.0,Low,All shipment parameters within normal ranges. Standard clearance applicable.,AU,135038.53,9640.06,9032.47,10.14,9013,HAPAG
CONT305753,6.0,Low,"Minor flags noted (weekend submission), but overall low risk profile.",DE,141668.81,19431.41,19594.95,16.55,8703,YML
CONT104809,5.9,Low,"Minor flags noted (weekend submission), but overall low risk profile.",JP,151232.6,3543.19,3579.59,44.18,6110,MAERSK
CONT732543,5.9,Low,"Minor flags noted (weekend submission), but overall low risk profile.",JP,140829.47,16692.88,16625.7,44.66,8542,MSC
CONT938569,5.9,Low,"Minor flags noted (weekend submission), but overall low risk profile.",CA,74224.05,16311.93,16155.29,18.11,8517,MAERSK
CONT771868,5.9,Low,"Minor flags noted (weekend submission), but overall low risk profile.",AU,89041.86,9733.37,9531.26,17.4,7108,YML
CONT134701,5.9,Low,"Minor flags noted (weekend submission), but overall low risk profile.",JP,48765.91,16500.83,16449.32,13.85,2933,HMM
CONT227101,5.9,Low,"Minor flags noted (weekend submission), but overall low risk profile.",US,154735.89,10770.31,10236.03,37.08,8517,PIL
CONT962371,5.8,Low,All shipment parameters within normal ranges. Standard clearance applicable.,AU,193072.95,16619.96,17272.86,12.97,3004,YML
CONT902207,5.8,Low,All shipment parameters within normal ranges. Standard clearance applicable.,CH,110979.46,7682.49,8159.16,7.2,8542,PIL
CONT329171,5.8,Low,"Minor flags noted (medium-risk origin country), but overall low risk profile.",AF,53255.28,6439.32,6005.66,32.39,8703,ONE
CONT880641,5.8,Low,"Minor flags noted (weekend submission), but overall low risk profile.",CH,135549.96,7327.04,7103.98,47.74,9013,HMM
CONT493002,5.8,Low,All shipment parameters within normal ranges. Standard clearance applicable.,AU,106074.28,3661.6,3495.19,42.6,3004,ONE
CONT357906,5.7,Low,"Minor flags noted (medium-risk origin country), but overall low risk profile.",AF,145236.18,9196.23,9120.72,28.79,3004,EVERGREEN
CONT604655,5.6,Low,"Minor flags noted (medium-risk origin country), but overall low risk profile.",IQ,80508.51,2212.1,2239.8,16.44,3004,COSCO
CONT146250,5.5,Low,All shipment parameters within normal ranges. Standard clearance applicable.,AU,173784.66,5807.5,5883.69,8.53,2710,PIL
CONT327693,5.5,Low,"Minor flags noted (medium-risk origin country), but overall low risk profile.",SO,109781.4,4051.28,4174.77,12.45,8542,ONE
CONT493145,5.5,Low,"Minor flags noted (medium-risk origin country; weekend submission), but overall low risk profile.",SO,100345.43,5730.56,5495.87,21.93,9013,MAERSK
CONT838456,5.5,Low,All shipment parameters within normal ranges. Standard clearance applicable.,CH,27811.69,1845.67,1822.86,23.94,3004,COSCO
CONT844854,5.5,Low,All shipment parameters within normal ranges. Standard clearance applicable.,GB,140213.17,15253.06,15665.57,47.59,8517,MAERSK
CONT201551,5.5,Low,All shipment parameters within normal ranges. Standard clearance applicable.,SG,114817.06,4058.7,3946.9,45.53,2710,CMA CGM
CONT290167,5.5,Low,"Minor flags noted (medium-risk origin country), but overall low risk profile.",PK,9813.41,4152.12,4379.78,19.96,8703,COSCO
CONT784815,5.4,Low,"Minor flags noted (weekend submission), but overall low risk profile.",CA,39453.05,4978.73,5118.94,29.53,8703,HMM
CONT766923,5.4,Low,All shipment parameters within normal ranges. Standard clearance applicable.,FR,10000.2,17403.34,16098.4,19.01,3004,EVERGREEN
CONT262434,5.4,Low,All shipment parameters within normal ranges. Standard clearance applicable.,CA,72140.07,19781.32,20209.6,6.72,2933,HMM
CONT365406,5.4,Low,All shipment parameters within normal ranges. Standard clearance applicable.,CH,83541.29,17522.52,18067.02,46.69,6110,CMA CGM
CONT572367,5.4,Low,"Minor flags noted (medium-risk origin country), but overall low risk profile.",SO,118647.33,1658.74,1683.38,47.8,2710,HMM
CONT349495,5.4,Low,"Minor flags noted (medium-risk origin country), but overall low risk profile.",SO,8832.04,6344.41,6069.64,42.69,8703,PIL
CONT351537,5.4,Low,"Minor flags noted (medium-risk origin country), but overall low risk profile.",AF,193335.32,11441.06,11508.88,23.03,8517,CMA CGM
CONT546991,5.4,Low,"Minor flags noted (medium-risk origin country; weekend submission), but overall low risk profile.",SD,178678.4,11965.22,12486.07,30.27,2933,MSC
CONT993388,5.4,Low,"Minor flags noted (weekend submission), but overall low risk profile.",GB,43187.45,11345.16,10916.26,10.2,9013,MAERSK
CONT619493,5.3,Low,All shipment parameters within normal ranges. Standard clearance applicable.,US,105002.9,2470.82,2519.89,19.11,8542,HAPAG
CONT720635,5.3,Low,All shipment parameters within normal ranges. Standard clearance applicable.,SG,151086.52,14761.42,14000.71,10.42,8542,MSC
CONT556324,5.3,Low,"Minor flags noted (medium-risk origin country), but overall low risk profile.",IQ,22959.26,17932.8,17312.95,39.87,8703,MSC
CONT633857,5.3,Low,"Minor flags noted (medium-risk origin country; weekend submission), but overall low risk profile.",NG,61323.69,13738.49,14077.03,29.77,2933,COSCO
CONT227834,5.3,Low,"Minor flags noted (medium-risk origin country; weekend submission), but overall low risk profile.",IQ,85150.55,12608.64,13475.21,40.95,8517,COSCO
CONT234055,5.2,Low,All shipment parameters within normal ranges. Standard clearance applicable.,CH,131782.63,13246.39,13299.58,20.05,3004,COSCO
CONT181816,5.2,Low,"Minor flags noted (medium-risk origin country), but overall low risk profile.",PK,189594.4,5854.37,5733.32,28.65,9013,COSCO
CONT545935,5.2,Low,All shipment parameters within normal ranges. Standard clearance applicable.,SG,6430.16,6141.78,6120.33,5.14,6110,ONE
CONT745568,5.2,Low,All shipment parameters within normal ranges. Standard clearance applicable.,FR,140790.67,7391.48,7481.83,33.57,7108,CMA CGM
CONT224591,5.2,Low,All shipment parameters within normal ranges. Standard clearance applicable.,CH,171945.84,14625.29,13909.91,19.7,8471,CMA CGM
CONT967196,5.2,Low,All shipment parameters within normal ranges. Standard clearance applicable.,AU,150828.52,19682.81,20075.82,10.63,6110,MSC
CONT312986,5.2,Low,"Minor flags noted (medium-risk origin country; weekend submission), but overall low risk profile.",IQ,105008.26,3727.35,3674.28,41.17,8517,MSC
CONT139236,5.1,Low,"Minor flags noted (weekend submission), but overall low risk profile.",GB,96967.14,15820.91,15717.86,14.01,8542,PIL
CONT195071,5.1,Low,"Minor flags noted (weekend submission), but overall low risk profile.",CH,34015.21,18936.8,19091.0,24.36,8542,MAERSK
CONT963204,5.1,Low,"Minor flags noted (medium-risk origin country), but overall low risk profile.",NG,101009.73,9667.02,8995.92,5.61,2933,COSCO
CONT252617,5.1,Low,All shipment parameters within normal ranges. Standard clearance applicable.,GB,151713.03,13777.85,15122.84,38.83,8542,MSC
CONT955684,5.1,Low,All shipment parameters within normal ranges. Standard clearance applicable.,CA,76713.07,9095.58,8722.61,22.22,6110,EVERGREEN
CONT437369,5.1,Low,All shipment parameters within normal ranges. Standard clearance applicable.,GB,135855.78,3989.2,4026.5,23.15,7108,CMA CGM
CONT456386,5.0,Low,All shipment parameters within normal ranges. Standard clearance applicable.,DE,157418.35,7307.74,7002.49,23.23,8703,ONE
CONT608153,5.0,Low,"Minor flags noted (medium-risk origin country), but overall low risk profile.",SD,152614.83,17686.19,18700.42,6.06,8703,MAERSK
CONT759981,5.0,Low,"Minor flags noted (weekend submission), but overall low risk profile.",CH,36437.67,8747.21,8677.49,32.88,3004,CMA CGM
CONT363031,5.0,Low,"Minor flags noted (medium-risk origin country), but overall low risk profile.",SD,187323.91,8422.96,8330.35,22.94,8517,CMA CGM
CONT702567,5.0,Low,All shipment parameters within normal ranges. Standard clearance applicable.,JP,186238.21,9561.34,9648.73,11.27,8471,PIL
CONT234917,5.0,Low,All shipment parameters within normal ranges. Standard clearance applicable.,FR,42162.33,13789.12,14590.63,24.33,9013,MSC
CONT779290,5.0,Low,"Minor flags noted (medium-risk origin country), but overall low risk profile.",NG,44317.33,16110.08,15615.27,11.2,7108,HMM
CONT138090,4.9,Low,"Minor flags noted (weekend submission), but overall low risk profile.",GB,158873.74,9816.01,9337.54,30.53,8703,COSCO
CONT178422,4.9,Low,"Minor flags noted (medium-risk origin country), but overall low risk profile.",SD,5764.08,3159.27,3228.86,47.98,6110,MSC
CONT319631,4.9,Low,"Minor flags noted (medium-risk origin country; weekend submission), but overall low risk profile.",IQ,45762.22,12884.08,12736.13,34.61,8471,ONE
CONT899458,4.9,Low,All shipment parameters within normal ranges. Standard clearance applicable.,NL,77397.83,4793.73,4993.36,26.07,7108,PIL
CONT297097,4.9,Low,"Minor flags noted (weekend submission), but overall low risk profile.",CA,182104.56,15249.58,14984.67,37.38,8542,HAPAG
CONT305728,4.9,Low,"Minor flags noted (weekend submission), but overall low risk profile.",SG,100610.94,9966.15,9432.99,41.26,8471,MSC
CONT804824,4.8,Low,"Minor flags noted (weekend submission), but overall low risk profile.",FR,29923.31,10500.64,10446.42,29.62,6110,PIL
CONT350231,4.8,Low,"Minor flags noted (medium-risk origin country), but overall low risk profile.",IQ,16137.85,3525.63,3376.7,10.06,6110,COSCO
CONT889948,4.8,Low,All shipment parameters within normal ranges. Standard clearance applicable.,JP,20446.56,10909.47,11327.94,6.07,2710,MAERSK
CONT928569,4.8,Low,"Minor flags noted (weekend submission), but overall low risk profile.",CA,57863.77,6945.24,7017.1,30.3,8703,EVERGREEN
CONT326572,4.8,Low,"Minor flags noted (weekend submission), but overall low risk profile.",JP,121927.38,4653.89,4775.85,26.28,8471,ONE
CONT269809,4.7,Low,"Minor flags noted (medium-risk origin country), but overall low risk profile.",SD,119818.0,12479.3,11567.57,7.93,8517,MAERSK
CONT722561,4.7,Low,"Minor flags noted (medium-risk origin country), but overall low risk profile.",IQ,174279.14,7074.7,6510.46,42.78,9013,MAERSK
CONT483331,4.7,Low,"Minor flags noted (weekend submission), but overall low risk profile.",SG,94572.47,15162.56,14481.99,39.99,7108,HAPAG
CONT931588,4.7,Low,All shipment parameters within normal ranges. Standard clearance applicable.,NL,9942.98,13993.53,13695.56,34.36,6110,YML
CONT936209,4.6,Low,"Minor flags noted (weekend submission), but overall low risk profile.",NL,89639.53,12650.24,12792.11,40.05,6110,PIL
CONT122076,4.6,Low,"Minor flags noted (weekend submission), but overall low risk profile.",US,76003.61,10362.85,10348.78,32.13,7108,HMM
CONT104922,4.6,Low,All shipment parameters within normal ranges. Standard clearance applicable.,DE,34696.6,6821.58,6519.42,15.61,8517,YML
CONT291335,4.6,Low,"Minor flags noted (medium-risk origin country), but overall low risk profile.",AF,91937.39,4485.26,4549.02,8.4,8703,MSC
CONT846055,4.5,Low,All shipment parameters within normal ranges. Standard clearance applicable.,CA,19590.14,18905.29,19092.09,23.29,9013,YML
CONT164373,4.5,Low,"Minor flags noted (medium-risk origin country), but overall low risk profile.",AF,90468.23,7321.11,7408.8,15.56,2933,MSC
CONT529725,4.5,Low,"Minor flags noted (medium-risk origin country), but overall low risk profile.",AF,10703.22,17565.03,17901.21,40.34,8517,ONE
CONT763440,4.5,Low,"Minor flags noted (weekend submission), but overall low risk profile.",CA,50668.82,14413.82,14052.28,15.86,6110,MSC
CONT344761,4.5,Low,All shipment parameters within normal ranges. Standard clearance applicable.,CA,38323.08,8559.26,8411.15,33.42,6110,MAERSK
CONT745194,4.4,Low,All shipment parameters within normal ranges. Standard clearance applicable.,SG,32407.83,19772.68,20894.62,25.37,8542,PIL
CONT244832,4.4,Low,All shipment parameters within normal ranges. Standard clearance applicable.,AU,81260.9,4106.95,4278.01,46.65,3004,PIL
CONT808387,4.4,Low,All shipment parameters within normal ranges. Standard clearance applicable.,JP,190939.34,13141.61,13288.86,42.79,9013,HAPAG
CONT148784,4.4,Low,"Minor flags noted (medium-risk origin country), but overall low risk profile.",AF,67947.91,6894.47,6898.08,15.36,8703,HAPAG
CONT873952,4.4,Low,All shipment parameters within normal ranges. Standard clearance applicable.,JP,54388.11,11652.89,12164.74,4.44,8703,ONE
CONT570670,4.4,Low,"Minor flags noted (medium-risk origin country), but overall low risk profile.",NG,180467.5,7599.52,7631.86,4.96,8542,HMM
CONT821001,4.4,Low,"Minor flags noted (medium-risk origin country), but overall low risk profile.",SD,30879.57,1630.86,1622.1,28.97,2710,HMM
CONT205228,4.4,Low,"Minor flags noted (weekend submission), but overall low risk profile.",DE,106645.76,11331.8,11470.98,42.2,2933,HAPAG
CONT106475,4.3,Low,"Minor flags noted (medium-risk origin country), but overall low risk profile.",SO,25494.02,19419.39,18903.03,34.29,2933,YML
CONT755538,4.3,Low,"Minor flags noted (medium-risk origin country), but overall low risk profile.",PK,195429.4,4984.12,5145.87,32.41,2933,COSCO
CONT716036,4.3,Low,All shipment parameters within normal ranges. Standard clearance applicable.,SG,160886.1,9261.72,9458.37,34.57,8471,PIL
CONT949649,4.3,Low,"Minor flags noted (weekend submission), but overall low risk profile.",FR,163563.79,14832.23,14966.18,15.33,8517,ONE
CONT411997,4.3,Low,"Minor flags noted (weekend submission), but overall low risk profile.",JP,153660.44,8728.7,9208.33,10.33,8542,MAERSK
CONT412849,4.3,Low,"Minor flags noted (medium-risk origin country), but overall low risk profile.",SO,12006.39,6276.66,6518.19,44.78,8703,PIL
CONT742762,4.2,Low,"Minor flags noted (weekend submission), but overall low risk profile.",GB,180936.1,11902.98,12305.14,42.6,6110,HAPAG
CONT777775,4.2,Low,All shipment parameters within normal ranges. Standard clearance applicable.,FR,71604.83,7600.85,7686.5,27.64,9013,CMA CGM
CONT880734,4.2,Low,"Minor flags noted (medium-risk origin country), but overall low risk profile.",PK,20393.18,7459.47,7125.52,23.48,7108,YML
CONT120836,4.1,Low,"Minor flags noted (medium-risk origin country), but overall low risk profile.",IQ,115256.11,9084.61,8801.1,4.92,8471,HAPAG
CONT102159,4.1,Low,"Minor flags noted (weekend submission), but overall low risk profile.",JP,55926.67,7741.81,7818.65,34.58,8471,MAERSK
CONT368093,4.1,Low,"Minor flags noted (medium-risk origin country; weekend submission), but overall low risk profile.",IQ,89536.54,14290.73,14244.78,36.74,6110,PIL
CONT695644,4.1,Low,All shipment parameters within normal ranges. Standard clearance applicable.,FR,194650.81,2255.05,2272.95,19.84,8542,MAERSK
CONT784308,4.1,Low,All shipment parameters within normal ranges. Standard clearance applicable.,GB,153264.0,2701.75,2621.31,35.79,7108,CMA CGM
CONT902673,4.1,Low,All shipment parameters within normal ranges. Standard clearance applicable.,SG,110068.54,14774.64,14501.45,6.67,7108,MAERSK
CONT555433,4.0,Low,"Minor flags noted (medium-risk origin country), but overall low risk profile.",NG,134971.79,5308.68,5303.25,7.52,2710,HAPAG
CONT935056,4.0,Low,"Minor flags noted (medium-risk origin country; weekend submission), but overall low risk profile.",SD,76619.15,10109.64,10004.13,44.21,8703,HAPAG
CONT150468,4.0,Low,All shipment parameters within normal ranges. Standard clearance applicable.,FR,5949.34,19484.04,19436.76,22.16,9013,ONE
CONT259380,4.0,Low,"Minor flags noted (medium-risk origin country), but overall low risk profile.",PK,30812.61,17198.6,17468.84,30.09,3004,MAERSK
CONT364546,4.0,Low,All shipment parameters within normal ranges. Standard clearance applicable.,CH,92760.13,6391.16,6773.42,18.86,9013,PIL
CONT614743,4.0,Low,"Minor flags noted (medium-risk origin country), but overall low risk profile.",SO,67504.55,9519.75,9170.43,36.75,2933,HMM
CONT775025,4.0,Low,"Minor flags noted (medium-risk origin country), but overall low risk profile.",AF,171757.24,18738.03,18556.17,19.79,7108,CMA CGM
CONT322123,4.0,Low,"Minor flags noted (medium-risk origin country; weekend submission), but overall low risk profile.",SO,136583.33,9640.52,9698.05,33.81,2933,HMM
CONT577697,4.0,Low,All shipment parameters within normal ranges. Standard clearance applicable.,NL,182028.51,5588.51,5526.39,26.31,2710,MSC
CONT730458,4.0,Low,All shipment parameters within normal ranges. Standard clearance applicable.,GB,33140.85,12481.78,12045.97,8.12,9013,HMM
CONT261081,3.9,Low,All shipment parameters within normal ranges. Standard clearance applicable.,AU,139954.36,3714.0,3946.69,13.08,6110,MAERSK
CONT929957,3.9,Low,All shipment parameters within normal ranges. Standard clearance applicable.,JP,154868.03,11868.08,12504.9,5.92,6110,MAERSK
CONT965792,3.9,Low,"Minor flags noted (medium-risk origin country), but overall low risk profile.",NG,136650.33,11156.54,11029.93,22.37,2933,MSC
CONT690611,3.9,Low,All shipment parameters within normal ranges. Standard clearance applicable.,NL,56869.55,6577.16,6839.85,18.64,8517,COSCO
CONT465340,3.9,Low,All shipment parameters within normal ranges. Standard clearance applicable.,CA,182541.9,9567.3,10296.11,17.11,8471,COSCO
CONT785614,3.9,Low,All shipment parameters within normal ranges. Standard clearance applicable.,US,87143.37,12366.28,12436.71,31.99,3004,COSCO
CONT682111,3.8,Low,"Minor flags noted (medium-risk origin country), but overall low risk profile.",IQ,136890.41,14258.82,14306.42,33.9,6110,ONE
CONT942503,3.8,Low,"Minor flags noted (medium-risk origin country), but overall low risk profile.",SD,61544.17,9800.28,9574.78,28.78,8517,MSC
CONT872783,3.8,Low,All shipment parameters within normal ranges. Standard clearance applicable.,SG,14317.37,6977.17,7125.64,19.5,3004,HAPAG
CONT248395,3.8,Low,"Minor flags noted (medium-risk origin country), but overall low risk profile.",SD,26915.28,8872.21,9164.73,7.33,2933,MAERSK
CONT608062,3.8,Low,All shipment parameters within normal ranges. Standard clearance applicable.,JP,86587.96,2549.0,2444.26,12.96,6110,YML
CONT832426,3.8,Low,All shipment parameters within normal ranges. Standard clearance applicable.,FR,43046.22,15451.53,15613.66,43.27,3004,MAERSK
CONT965291,3.8,Low,All shipment parameters within normal ranges. Standard clearance applicable.,DE,199187.12,4158.09,4070.55,34.66,9013,EVERGREEN
CONT664984,3.7,Low,All shipment parameters within normal ranges. Standard clearance applicable.,CA,12855.68,14719.26,14859.3,21.84,6110,ONE
CONT461659,3.7,Low,All shipment parameters within normal ranges. Standard clearance applicable.,AU,118438.65,13326.54,14303.88,21.66,7108,COSCO
CONT913348,3.7,Low,"Minor flags noted (medium-risk origin country), but overall low risk profile.",IQ,122361.8,5480.05,5401.75,31.83,2933,YML
CONT382579,3.6,Low,"Minor flags noted (medium-risk origin country), but overall low risk profile.",SO,72432.19,19349.2,20224.34,33.53,3004,PIL
CONT986388,3.6,Low,All shipment parameters within normal ranges. Standard clearance applicable.,GB,95905.41,14874.21,15498.75,12.36,9013,HMM
CONT953062,3.6,Low,"Minor flags noted (medium-risk origin country), but overall low risk profile.",SO,14859.04,4671.74,4571.44,31.56,2710,CMA CGM
CONT453791,3.6,Low,"Minor flags noted (medium-risk origin country), but overall low risk profile.",SD,148942.81,3629.0,3748.07,41.71,2710,HAPAG
CONT400821,3.6,Low,All shipment parameters within normal ranges. Standard clearance applicable.,GB,58662.09,5308.41,5482.33,44.02,8542,COSCO
CONT764929,3.6,Low,"Minor flags noted (medium-risk origin country), but overall low risk profile.",IQ,37825.71,3880.1,4186.58,14.86,8542,EVERGREEN
CONT453531,3.6,Low,"Minor flags noted (medium-risk origin country), but overall low risk profile.",PK,179491.33,18850.48,19624.36,30.31,6110,MSC
CONT463308,3.5,Low,All shipment parameters within normal ranges. Standard clearance applicable.,DE,100409.46,2455.83,2369.28,16.59,8542,PIL
CONT578997,3.5,Low,All shipment parameters within normal ranges. Standard clearance applicable.,GB,130562.05,3165.35,3037.72,40.71,6110,HAPAG
CONT206121,3.5,Low,All shipment parameters within normal ranges. Standard clearance applicable.,DE,80194.64,8097.54,8132.05,45.2,8542,HAPAG
CONT745972,3.4,Low,"Minor flags noted (medium-risk origin country), but overall low risk profile.",SD,68625.02,13806.33,13398.86,4.91,8471,EVERGREEN
CONT387740,3.4,Low,All shipment parameters within normal ranges. Standard clearance applicable.,AU,45836.45,7628.54,7937.12,27.63,6110,ONE
CONT657639,3.4,Low,All shipment parameters within normal ranges. Standard clearance applicable.,NL,50650.02,16379.12,16749.09,6.64,6110,EVERGREEN
CONT170326,3.4,Low,All shipment parameters within normal ranges. Standard clearance applicable.,JP,195293.72,5165.07,5051.66,18.82,8517,EVERGREEN
CONT613214,3.4,Low,"Minor flags noted (medium-risk origin country), but overall low risk profile.",NG,74498.92,17447.26,17353.43,36.9,9013,COSCO
CONT969794,3.4,Low,All shipment parameters within normal ranges. Standard clearance applicable.,DE,82411.4,18802.2,17766.46,23.68,6110,MAERSK
CONT695597,3.4,Low,"Minor flags noted (medium-risk origin country), but overall low risk profile.",IQ,153755.34,13930.77,14077.86,37.67,6110,COSCO
CONT656066,3.4,Low,"Minor flags noted (medium-risk origin country), but overall low risk profile.",AF,61402.73,9711.94,9577.3,43.6,7108,HMM
CONT967482,3.4,Low,"Minor flags noted (weekend submission), but overall low risk profile.",GB,67725.65,7783.56,7491.58,41.31,8542,HAPAG
CONT579498,3.3,Low,"Minor flags noted (medium-risk origin country; weekend submission), but overall low risk profile.",PK,44177.71,10193.67,10343.54,39.43,8471,MAERSK
CONT613758,3.3,Low,"Minor flags noted (medium-risk origin country), but overall low risk profile.",PK,170971.65,17207.18,16770.05,17.94,2710,YML
CONT292319,3.3,Low,"Minor flags noted (medium-risk origin country), but overall low risk profile.",PK,63480.03,3513.11,3448.36,32.28,8542,COSCO
CONT902194,3.3,Low,"Minor flags noted (medium-risk origin country), but overall low risk profile.",SO,37994.6,8887.96,8589.31,12.25,9013,COSCO
CONT727035,3.3,Low,"Minor flags noted (medium-risk origin country), but overall low risk profile.",SD,134657.79,9557.05,9346.16,39.0,8703,MAERSK
CONT777758,3.2,Low,"Minor flags noted (weekend submission), but overall low risk profile.",DE,55497.51,19694.69,19600.94,42.66,8517,MAERSK
CONT981272,3.2,Low,All shipment parameters within normal ranges. Standard clearance applicable.,JP,196450.75,16694.74,17117.16,31.34,7108,EVERGREEN
CONT942753,3.2,Low,All shipment parameters within normal ranges. Standard clearance applicable.,JP,13694.68,19246.97,19563.19,10.29,6110,EVERGREEN
CONT471616,3.2,Low,All shipment parameters within normal ranges. Standard clearance applicable.,CA,66768.53,16071.97,15798.03,41.72,3004,EVERGREEN
CONT831616,3.2,Low,All shipment parameters within normal ranges. Standard clearance applicable.,NL,114267.99,2071.26,2077.65,36.06,2933,EVERGREEN
CONT883540,3.1,Low,"Minor flags noted (medium-risk origin country), but overall low risk profile.",PK,41882.05,14354.46,14654.87,29.23,6110,ONE
CONT756282,3.1,Low,All shipment parameters within normal ranges. Standard clearance applicable.,SG,37512.5,14180.63,14031.09,42.66,2933,MAERSK
CONT462612,3.1,Low,All shipment parameters within normal ranges. Standard clearance applicable.,CA,58559.84,11797.1,11416.05,24.88,8542,YML
CONT548982,3.1,Low,All shipment parameters within normal ranges. Standard clearance applicable.,SG,160667.56,18351.57,18635.13,32.6,8517,CMA CGM
CONT206081,3.1,Low,All shipment parameters within normal ranges. Standard clearance applicable.,GB,77082.62,2536.21,2534.2,14.66,8471,CMA CGM
CONT382272,3.1,Low,All shipment parameters within normal ranges. Standard clearance applicable.,US,61282.96,12601.78,12887.36,29.57,8542,PIL
CONT840957,3.1,Low,All shipment parameters within normal ranges. Standard clearance applicable.,US,176259.23,10254.57,10220.73,27.2,8517,PIL
CONT153352,3.1,Low,All shipment parameters within normal ranges. Standard clearance applicable.,SG,124745.86,16403.03,16292.43,41.82,9013,MAERSK
CONT398512,3.1,Low,All shipment parameters within normal ranges. Standard clearance applicable.,FR,109792.14,7368.75,7145.01,44.47,2710,COSCO
CONT830892,3.0,Low,All shipment parameters within normal ranges. Standard clearance applicable.,DE,86413.69,10883.19,11213.0,24.33,2710,EVERGREEN
CONT634003,3.0,Low,All shipment parameters within normal ranges. Standard clearance applicable.,CA,158640.89,5883.9,6102.09,42.05,7108,MSC
CONT897622,3.0,Low,"Minor flags noted (medium-risk origin country), but overall low risk profile.",PK,158416.32,5449.5,5488.91,46.71,9013,HAPAG
CONT363606,3.0,Low,"Minor flags noted (medium-risk origin country), but overall low risk profile.",NG,58371.2,15916.59,16135.19,44.12,9013,HAPAG
CONT880962,3.0,Low,All shipment parameters within normal ranges. Standard clearance applicable.,CA,117412.13,11748.08,11641.71,37.52,6110,HMM
CONT924273,2.9,Low,All shipment parameters within normal ranges. Standard clearance applicable.,NL,87576.83,11411.47,11482.54,29.01,3004,ONE
CONT543316,2.9,Low,"Minor flags noted (medium-risk origin country), but overall low risk profile.",IQ,173945.37,7467.22,7461.8,13.48,7108,ONE
CONT283163,2.9,Low,All shipment parameters within normal ranges. Standard clearance applicable.,US,143330.82,9757.07,9867.95,8.64,3004,MSC
CONT959734,2.9,Low,"Minor flags noted (medium-risk origin country), but overall low risk profile.",SO,13747.81,12709.52,12525.4,31.39,8471,PIL
CONT173313,2.9,Low,"Minor flags noted (medium-risk origin country), but overall low risk profile.",IQ,199814.65,6634.21,6540.61,13.69,2933,ONE
CONT903789,2.9,Low,All shipment parameters within normal ranges. Standard clearance applicable.,FR,13513.88,16875.86,16397.44,14.41,7108,ONE
CONT666074,2.8,Low,"Minor flags noted (medium-risk origin country), but overall low risk profile.",SO,11619.47,14405.93,14759.66,34.69,8517,COSCO
CONT878754,2.8,Low,All shipment parameters within normal ranges. Standard clearance applicable.,DE,65246.42,14417.01,14867.62,9.84,6110,CMA CGM
CONT158453,2.8,Low,All shipment parameters within normal ranges. Standard clearance applicable.,JP,119415.88,7390.57,7394.88,8.53,6110,COSCO
CONT279001,2.8,Low,All shipment parameters within normal ranges. Standard clearance applicable.,GB,180355.77,13945.71,13679.28,46.34,6110,YML
CONT305735,2.8,Low,All shipment parameters within normal ranges. Standard clearance applicable.,US,128657.72,16987.5,17193.25,9.56,3004,MAERSK
CONT855027,2.8,Low,All shipment parameters within normal ranges. Standard clearance applicable.,FR,93208.84,7481.84,7554.98,11.45,9013,HAPAG
CONT469061,2.7,Low,All shipment parameters within normal ranges. Standard clearance applicable.,AU,108360.21,18774.94,18905.89,5.23,3004,MSC
CONT132733,2.7,Low,"Minor flags noted (medium-risk origin country), but overall low risk profile.",PK,154813.32,19697.59,19581.61,22.38,9013,MSC
CONT490555,2.7,Low,All shipment parameters within normal ranges. Standard clearance applicable.,NL,118055.43,18977.55,18896.91,27.77,2933,HAPAG
CONT516561,2.7,Low,All shipment parameters within normal ranges. Standard clearance applicable.,US,52882.37,5400.38,5348.76,39.74,8542,EVERGREEN
CONT421638,2.6,Low,"Minor flags noted (medium-risk origin country), but overall low risk profile.",SD,87004.48,16044.54,15773.42,38.53,8703,CMA CGM
CONT933032,2.6,Low,All shipment parameters within normal ranges. Standard clearance applicable.,FR,191667.7,16782.21,16572.83,40.35,8542,MSC
CONT337068,2.6,Low,All shipment parameters within normal ranges. Standard clearance applicable.,JP,134519.33,19843.68,20308.84,12.77,2933,MSC
CONT487881,2.6,Low,"Minor flags noted (medium-risk origin country), but overall low risk profile.",NG,63120.18,13661.32,13697.66,8.64,3004,CMA CGM
CONT438365,2.6,Low,All shipment parameters within normal ranges. Standard clearance applicable.,CA,129125.04,3068.97,3085.97,25.92,6110,ONE
CONT300658,2.6,Low,All shipment parameters within normal ranges. Standard clearance applicable.,DE,27523.64,5419.47,5535.24,18.35,3004,COSCO
CONT361497,2.5,Low,"Minor flags noted (medium-risk origin country), but overall low risk profile.",SD,56492.09,14154.82,13557.95,45.32,7108,EVERGREEN
CONT831234,2.5,Low,"Minor flags noted (medium-risk origin country), but overall low risk profile.",SD,161967.93,14760.42,14284.77,6.31,6110,ONE
CONT175766,2.5,Low,All shipment parameters within normal ranges. Standard clearance applicable.,JP,161716.05,4063.2,4174.79,12.21,3004,HMM
CONT378710,2.5,Low,"Minor flags noted (medium-risk origin country), but overall low risk profile.",SD,122681.15,19600.64,20229.91,19.74,8542,HAPAG
CONT389226,2.5,Low,All shipment parameters within normal ranges. Standard clearance applicable.,CA,152861.32,12797.39,12582.81,5.08,8542,MAERSK
CONT227309,2.5,Low,All shipment parameters within normal ranges. Standard clearance applicable.,DE,123189.87,2669.49,2663.75,38.95,2710,HAPAG
CONT889660,2.5,Low,All shipment parameters within normal ranges. Standard clearance applicable.,GB,14996.37,16296.85,16134.21,21.68,7108,ONE
CONT320994,2.5,Low,"Minor flags noted (medium-risk origin country), but overall low risk profile.",SD,145208.79,7454.16,7816.62,16.63,8471,MAERSK
CONT444855,2.5,Low,All shipment parameters within normal ranges. Standard clearance applicable.,NL,146262.42,9403.68,9088.68,36.82,9013,HMM
CONT700613,2.5,Low,All shipment parameters within normal ranges. Standard clearance applicable.,GB,54100.82,11311.76,11400.18,19.21,3004,PIL
CONT861058,2.4,Low,All shipment parameters within normal ranges. Standard clearance applicable.,SG,165610.89,9972.72,10069.83,35.2,2710,ONE
CONT373255,2.4,Low,All shipment parameters within normal ranges. Standard clearance applicable.,JP,23754.43,14511.84,14278.42,45.38,2933,PIL
CONT370146,2.4,Low,"Minor flags noted (medium-risk origin country), but overall low risk profile.",IQ,134073.16,10528.84,10469.81,37.05,2710,CMA CGM
CONT394054,2.4,Low,All shipment parameters within normal ranges. Standard clearance applicable.,NL,197618.18,10438.57,10085.48,10.0,3004,PIL
CONT289637,2.3,Low,All shipment parameters within normal ranges. Standard clearance applicable.,FR,132671.44,16766.6,17264.97,22.09,8703,PIL
CONT354043,2.3,Low,All shipment parameters within normal ranges. Standard clearance applicable.,GB,80895.68,10062.68,10260.0,43.05,9013,HAPAG
CONT224116,2.3,Low,All shipment parameters within normal ranges. Standard clearance applicable.,FR,74112.87,7208.11,6923.99,26.25,8703,HAPAG
CONT924837,2.3,Low,"Minor flags noted (medium-risk origin country), but overall low risk profile.",IQ,153366.6,7731.09,7882.92,28.06,8471,MSC
CONT177505,2.2,Low,All shipment parameters within normal ranges. Standard clearance applicable.,SG,77595.14,8685.65,8908.18,45.37,2933,MAERSK
CONT187265,2.2,Low,All shipment parameters within normal ranges. Standard clearance applicable.,SG,34703.92,4934.8,4812.91,43.58,3004,HMM
CONT945484,2.2,Low,All shipment parameters within normal ranges. Standard clearance applicable.,US,68753.71,8884.96,8700.47,30.69,3004,COSCO
CONT807910,2.2,Low,All shipment parameters within normal ranges. Standard clearance applicable.,SG,187214.44,11720.4,11589.49,34.32,8471,MAERSK
CONT249143,2.2,Low,All shipment parameters within normal ranges. Standard clearance applicable.,FR,125090.98,13995.31,14247.18,45.53,8471,CMA CGM
CONT257661,2.1,Low,"Minor flags noted (medium-risk origin country), but overall low risk profile.",IQ,89483.12,13378.87,13736.38,47.31,8703,HMM
CONT617965,2.1,Low,All shipment parameters within normal ranges. Standard clearance applicable.,CH,198466.45,11229.5,11286.12,41.73,8542,COSCO
CONT966964,2.1,Low,All shipment parameters within normal ranges. Standard clearance applicable.,DE,34831.84,15566.47,15452.15,14.35,6110,PIL
CONT732413,2.1,Low,All shipment parameters within normal ranges. Standard clearance applicable.,JP,104980.45,10398.83,10587.42,25.19,8471,MAERSK
CONT992769,2.1,Low,"Minor flags noted (medium-risk origin country), but overall low risk profile.",IQ,50449.2,17387.43,17584.52,34.59,7108,HMM
CONT150519,2.0,Low,All shipment parameters within normal ranges. Standard clearance applicable.,NL,98609.24,8408.1,8453.0,10.07,2710,MAERSK
CONT245788,2.0,Low,All shipment parameters within normal ranges. Standard clearance applicable.,DE,173092.82,13178.47,13089.46,44.6,6110,MSC
CONT403602,1.9,Low,All shipment parameters within normal ranges. Standard clearance applicable.,FR,105412.0,14915.62,15187.17,11.1,2710,HAPAG
CONT598512,1.9,Low,All shipment parameters within normal ranges. Standard clearance applicable.,DE,166372.85,8559.45,8387.97,11.51,2933,EVERGREEN
CONT477501,1.9,Low,All shipment parameters within normal ranges. Standard clearance applicable.,CA,67335.03,17280.6,17456.93,47.49,7108,PIL
CONT173869,1.9,Low,"Minor flags noted (medium-risk origin country), but overall low risk profile.",PK,96580.15,12477.36,12404.26,23.82,7108,HAPAG
CONT900511,1.9,Low,All shipment parameters within normal ranges. Standard clearance applicable.,CA,77378.06,12473.17,13057.27,38.57,8471,EVERGREEN
CONT368933,1.9,Low,"Minor flags noted (medium-risk origin country), but overall low risk profile.",SO,103941.0,14339.57,14158.93,23.43,8703,HMM
CONT649844,1.8,Low,All shipment parameters within normal ranges. Standard clearance applicable.,JP,107459.81,17716.62,17428.3,14.75,8517,HMM
CONT906242,1.8,Low,All shipment parameters within normal ranges. Standard clearance applicable.,NL,22277.92,15556.2,15720.22,25.46,8517,HAPAG
CONT931291,1.8,Low,"Minor flags noted (medium-risk origin country), but overall low risk profile.",IQ,108419.11,9620.18,9282.12,4.79,2933,HMM
CONT829523,1.8,Low,"Minor flags noted (medium-risk origin country), but overall low risk profile.",NG,136103.73,15346.15,15797.33,27.37,2933,PIL
CONT832763,1.8,Low,All shipment parameters within normal ranges. Standard clearance applicable.,CH,137120.74,10861.61,11118.56,17.72,8703,HMM
CONT678748,1.8,Low,"Minor flags noted (medium-risk origin country), but overall low risk profile.",IQ,195569.59,19780.0,19982.06,38.93,6110,COSCO
CONT791150,1.7,Low,"Minor flags noted (medium-risk origin country), but overall low risk profile.",IQ,73585.42,19662.87,18981.49,23.37,8471,MSC
CONT591121,1.7,Low,All shipment parameters within normal ranges. Standard clearance applicable.,NL,106414.44,5800.27,6154.39,26.97,8471,MAERSK
CONT210130,1.7,Low,"Minor flags noted (medium-risk origin country), but overall low risk profile.",NG,78929.89,11997.96,12377.55,20.35,8517,COSCO
CONT858761,1.6,Low,"Minor flags noted (medium-risk origin country), but overall low risk profile.",SD,86076.15,19237.39,19826.86,22.87,8703,MAERSK
CONT715781,1.6,Low,All shipment parameters within normal ranges. Standard clearance applicable.,NL,66548.48,7715.99,7607.29,25.6,8517,COSCO
CONT934799,1.6,Low,All shipment parameters within normal ranges. Standard clearance applicable.,SG,99086.15,11035.38,11117.06,31.39,3004,ONE
CONT493852,1.6,Low,All shipment parameters within normal ranges. Standard clearance applicable.,FR,107686.01,19370.45,18653.87,17.34,8517,HAPAG
CONT108314,1.6,Low,All shipment parameters within normal ranges. Standard clearance applicable.,GB,129293.48,2944.31,3004.87,39.28,6110,MSC
CONT256470,1.6,Low,"Minor flags noted (medium-risk origin country), but overall low risk profile.",NG,84488.41,12378.06,12525.35,24.66,8703,HAPAG
CONT867754,1.5,Low,All shipment parameters within normal ranges. Standard clearance applicable.,SG,130955.94,3785.68,3747.25,14.25,8542,EVERGREEN
CONT593197,1.4,Low,All shipment parameters within normal ranges. Standard clearance applicable.,NL,100277.96,9368.26,9438.36,30.54,3004,ONE
CONT637732,1.4,Low,"Minor flags noted (medium-risk origin country), but overall low risk profile.",SD,112356.33,17161.02,17358.59,40.34,8471,MAERSK
CONT491182,1.3,Low,All shipment parameters within normal ranges. Standard clearance applicable.,CH,109613.86,10385.65,10259.07,20.67,6110,MSC
CONT980624,1.3,Low,All shipment parameters within normal ranges. Standard clearance applicable.,SG,24727.3,14679.94,14469.85,31.42,8703,MSC
CONT565483,1.2,Low,All shipment parameters within normal ranges. Standard clearance applicable.,FR,81782.25,4432.49,4584.89,30.76,8517,PIL
CONT238419,1.2,Low,"Minor flags noted (medium-risk origin country), but overall low risk profile.",PK,107012.89,17587.37,16900.28,34.79,6110,ONE
CONT715324,1.2,Low,All shipment parameters within normal ranges. Standard clearance applicable.,SG,72763.88,18874.69,18623.19,23.16,8517,PIL
CONT997333,1.2,Low,All shipment parameters within normal ranges. Standard clearance applicable.,DE,171650.71,9978.94,9827.54,39.3,8517,PIL
CONT834965,1.2,Low,All shipment parameters within normal ranges. Standard clearance applicable.,NL,72529.34,7495.71,7652.92,24.45,8517,CMA CGM
CONT368448,1.1,Low,All shipment parameters within normal ranges. Standard clearance applicable.,FR,95466.83,13429.32,13547.59,46.77,7108,ONE
CONT756225,1.1,Low,All shipment parameters within normal ranges. Standard clearance applicable.,FR,106073.16,17914.19,18336.83,24.32,3004,EVERGREEN
CONT867976,1.1,Low,All shipment parameters within normal ranges. Standard clearance applicable.,GB,82207.76,13837.6,13280.44,37.28,3004,HMM
CONT868223,1.1,Low,"Minor flags noted (medium-risk origin country), but overall low risk profile.",PK,172659.96,10180.44,10050.8,21.9,8471,HAPAG
CONT801562,1.0,Low,"Minor flags noted (medium-risk origin country), but overall low risk profile.",SD,30702.33,9873.34,9558.16,43.03,7108,ONE
CONT548345,1.0,Low,All shipment parameters within normal ranges. Standard clearance applicable.,GB,143095.33,7654.15,7700.95,25.19,2710,MSC
CONT692245,1.0,Low,"Minor flags noted (medium-risk origin country), but overall low risk profile.",PK,175224.44,11296.12,11105.51,36.22,2933,PIL
CONT206102,0.9,Low,"Minor flags noted (medium-risk origin country), but overall low risk profile.",NG,32533.82,7694.21,7822.85,37.59,8542,MAERSK
CONT675770,0.7,Low,All shipment parameters within normal ranges. Standard clearance applicable.,SG,157685.05,10032.33,9935.93,37.01,2933,ONE
CONT721825,0.5,Low,"Minor flags noted (medium-risk origin country), but overall low risk profile.",SD,68431.67,17874.25,18248.16,43.64,8471,HAPAG
CONT754287,0.5,Low,All shipment parameters within normal ranges. Standard clearance applicable.,FR,162715.89,8147.62,8254.94,19.92,8471,EVERGREEN
CONT389106,0.4,Low,All shipment parameters within normal ranges. Standard clearance applicable.,CH,165262.71,12746.14,12580.45,35.07,8471,MAERSK
CONT467508,0.3,Low,"Minor flags noted (medium-risk origin country), but overall low risk profile.",PK,44778.95,11444.63,11784.59,40.36,6110,MSC
CONT825256,0.2,Low,All shipment parameters within normal ranges. Standard clearance applicable.,NL,80975.53,8176.85,8096.89,17.1,7108,EVERGREEN
CONT664749,0.0,Low,All shipment parameters within normal ranges. Standard clearance applicable.,JP,108833.83,13811.77,14022.26,35.74,6110,MSC
